Invoice,StockCode,Description,Quantity,InvoiceDate,Price,Customer ID,Country
INV-10001,SKU-101,Notebook Set,2,03/12/2026 10:15:00,19.0,50001,India
INV-10002,SKU-102,Coffee Maker,3,05/26/2026 14:30:00,21.28,50001,India
INV-10003,SKU-103,Desk Lamp,2,08/12/2026 18:45:00,23.56,50001,India
INV-10004,SKU-102,Coffee Maker,3,03/12/2026 10:15:00,26.0,50002,India
INV-10005,SKU-103,Desk Lamp,4,05/26/2026 14:30:00,29.12,50002,India
INV-10006,SKU-104,Water Bottle,3,08/12/2026 18:45:00,32.24,50002,India
INV-10007,SKU-105,Travel Backpack,4,09/05/2026 11:20:00,35.36,50002,India
INV-10008,SKU-106,Phone Stand,3,09/24/2026 16:10:00,38.48,50002,India
INV-10009,SKU-103,Desk Lamp,4,03/12/2026 10:15:00,33.0,50003,India
INV-10010,SKU-104,Water Bottle,5,05/26/2026 14:30:00,36.96,50003,India
INV-10011,SKU-105,Travel Backpack,4,08/12/2026 18:45:00,40.92,50003,India
INV-10012,SKU-104,Water Bottle,5,03/12/2026 10:15:00,40.0,50004,India
INV-10013,SKU-105,Travel Backpack,6,05/26/2026 14:30:00,44.8,50004,India
INV-10014,SKU-106,Phone Stand,5,08/12/2026 18:45:00,49.6,50004,India
INV-10015,SKU-107,Yoga Mat,6,09/05/2026 11:20:00,54.4,50004,India
INV-10016,SKU-108,Bluetooth Speaker,5,09/24/2026 16:10:00,59.2,50004,India
INV-10017,SKU-105,Travel Backpack,1,03/12/2026 10:15:00,47.0,50005,India
INV-10018,SKU-106,Phone Stand,2,05/26/2026 14:30:00,52.64,50005,India
INV-10019,SKU-107,Yoga Mat,1,08/12/2026 18:45:00,58.28,50005,India
INV-10020,SKU-106,Phone Stand,2,03/12/2026 10:15:00,54.0,50006,India
INV-10021,SKU-107,Yoga Mat,3,05/26/2026 14:30:00,60.48,50006,India
INV-10022,SKU-108,Bluetooth Speaker,2,08/12/2026 18:45:00,66.96,50006,India
INV-10023,SKU-109,Lunch Box,3,09/05/2026 11:20:00,73.44,50006,India
INV-10024,SKU-110,Wireless Mouse,2,09/24/2026 16:10:00,79.92,50006,India
INV-10025,SKU-107,Yoga Mat,3,03/12/2026 10:15:00,61.0,50007,India
INV-10026,SKU-108,Bluetooth Speaker,4,05/26/2026 14:30:00,68.32,50007,India
INV-10027,SKU-109,Lunch Box,3,08/12/2026 18:45:00,75.64,50007,India
INV-10028,SKU-108,Bluetooth Speaker,4,03/12/2026 10:15:00,68.0,50008,India
INV-10029,SKU-109,Lunch Box,5,05/26/2026 14:30:00,76.16,50008,India
INV-10030,SKU-110,Wireless Mouse,4,08/12/2026 18:45:00,84.32,50008,India
INV-10031,SKU-111,Notebook Set,5,09/05/2026 11:20:00,92.48,50008,India
INV-10032,SKU-112,Coffee Maker,4,09/24/2026 16:10:00,100.64,50008,India
INV-10033,SKU-109,Lunch Box,5,03/12/2026 10:15:00,75.0,50009,India
INV-10034,SKU-110,Wireless Mouse,6,05/26/2026 14:30:00,84.0,50009,India
INV-10035,SKU-111,Notebook Set,5,08/12/2026 18:45:00,93.0,50009,India
INV-10036,SKU-110,Wireless Mouse,1,03/12/2026 10:15:00,12.0,50010,India
INV-10037,SKU-111,Notebook Set,2,05/26/2026 14:30:00,13.44,50010,India
INV-10038,SKU-112,Coffee Maker,1,08/12/2026 18:45:00,14.88,50010,India
INV-10039,SKU-113,Desk Lamp,2,09/05/2026 11:20:00,16.32,50010,India
INV-10040,SKU-114,Water Bottle,1,09/24/2026 16:10:00,17.76,50010,India
INV-10041,SKU-111,Notebook Set,2,03/12/2026 10:15:00,19.0,50011,India
INV-10042,SKU-112,Coffee Maker,3,05/26/2026 14:30:00,21.28,50011,India
INV-10043,SKU-113,Desk Lamp,2,08/12/2026 18:45:00,23.56,50011,India
INV-10044,SKU-112,Coffee Maker,3,03/12/2026 10:15:00,26.0,50012,India
INV-10045,SKU-113,Desk Lamp,4,05/26/2026 14:30:00,29.12,50012,India
INV-10046,SKU-114,Water Bottle,3,08/12/2026 18:45:00,32.24,50012,India
INV-10047,SKU-115,Travel Backpack,4,09/05/2026 11:20:00,35.36,50012,India
INV-10048,SKU-116,Phone Stand,3,09/24/2026 16:10:00,38.48,50012,India
INV-10049,SKU-113,Desk Lamp,4,03/12/2026 10:15:00,33.0,50013,India
INV-10050,SKU-114,Water Bottle,5,05/26/2026 14:30:00,36.96,50013,India
INV-10051,SKU-115,Travel Backpack,4,08/12/2026 18:45:00,40.92,50013,India
INV-10052,SKU-114,Water Bottle,5,03/12/2026 10:15:00,40.0,50014,India
INV-10053,SKU-115,Travel Backpack,6,05/26/2026 14:30:00,44.8,50014,India
INV-10054,SKU-116,Phone Stand,5,08/12/2026 18:45:00,49.6,50014,India
INV-10055,SKU-117,Yoga Mat,6,09/05/2026 11:20:00,54.4,50014,India
INV-10056,SKU-118,Bluetooth Speaker,5,09/24/2026 16:10:00,59.2,50014,India
INV-10057,SKU-115,Travel Backpack,1,03/12/2026 10:15:00,47.0,50015,India
INV-10058,SKU-116,Phone Stand,2,05/26/2026 14:30:00,52.64,50015,India
INV-10059,SKU-117,Yoga Mat,1,08/12/2026 18:45:00,58.28,50015,India
INV-10060,SKU-116,Phone Stand,2,03/12/2026 10:15:00,54.0,50016,India
INV-10061,SKU-117,Yoga Mat,3,05/26/2026 14:30:00,60.48,50016,India
INV-10062,SKU-118,Bluetooth Speaker,2,08/12/2026 18:45:00,66.96,50016,India
INV-10063,SKU-119,Lunch Box,3,09/05/2026 11:20:00,73.44,50016,India
INV-10064,SKU-120,Wireless Mouse,2,09/24/2026 16:10:00,79.92,50016,India
INV-10065,SKU-117,Yoga Mat,3,03/12/2026 10:15:00,61.0,50017,India
INV-10066,SKU-118,Bluetooth Speaker,4,05/26/2026 14:30:00,68.32,50017,India
INV-10067,SKU-119,Lunch Box,3,08/12/2026 18:45:00,75.64,50017,India
INV-10068,SKU-118,Bluetooth Speaker,4,03/12/2026 10:15:00,68.0,50018,India
INV-10069,SKU-119,Lunch Box,5,05/26/2026 14:30:00,76.16,50018,India
INV-10070,SKU-120,Wireless Mouse,4,08/12/2026 18:45:00,84.32,50018,India
INV-10071,SKU-121,Notebook Set,5,09/05/2026 11:20:00,92.48,50018,India
INV-10072,SKU-122,Coffee Maker,4,09/24/2026 16:10:00,100.64,50018,India
INV-10073,SKU-119,Lunch Box,5,03/12/2026 10:15:00,75.0,50019,India
INV-10074,SKU-120,Wireless Mouse,6,05/26/2026 14:30:00,84.0,50019,India
INV-10075,SKU-121,Notebook Set,5,08/12/2026 18:45:00,93.0,50019,India
INV-10076,SKU-120,Wireless Mouse,1,03/12/2026 10:15:00,12.0,50020,India
INV-10077,SKU-121,Notebook Set,2,05/26/2026 14:30:00,13.44,50020,India
INV-10078,SKU-122,Coffee Maker,1,08/12/2026 18:45:00,14.88,50020,India
INV-10079,SKU-123,Desk Lamp,2,09/05/2026 11:20:00,16.32,50020,India
INV-10080,SKU-124,Water Bottle,1,09/24/2026 16:10:00,17.76,50020,India
INV-10081,SKU-121,Notebook Set,2,03/12/2026 10:15:00,19.0,50021,India
INV-10082,SKU-122,Coffee Maker,3,05/26/2026 14:30:00,21.28,50021,India
INV-10083,SKU-123,Desk Lamp,2,08/12/2026 18:45:00,23.56,50021,India
INV-10084,SKU-122,Coffee Maker,3,03/12/2026 10:15:00,26.0,50022,India
INV-10085,SKU-123,Desk Lamp,4,05/26/2026 14:30:00,29.12,50022,India
INV-10086,SKU-124,Water Bottle,3,08/12/2026 18:45:00,32.24,50022,India
INV-10087,SKU-125,Travel Backpack,4,09/05/2026 11:20:00,35.36,50022,India
INV-10088,SKU-126,Phone Stand,3,09/24/2026 16:10:00,38.48,50022,India
INV-10089,SKU-123,Desk Lamp,4,03/12/2026 10:15:00,33.0,50023,India
INV-10090,SKU-124,Water Bottle,5,05/26/2026 14:30:00,36.96,50023,India
INV-10091,SKU-125,Travel Backpack,4,08/12/2026 18:45:00,40.92,50023,India
INV-10092,SKU-124,Water Bottle,5,03/12/2026 10:15:00,40.0,50024,India
INV-10093,SKU-125,Travel Backpack,6,05/26/2026 14:30:00,44.8,50024,India
INV-10094,SKU-126,Phone Stand,5,08/12/2026 18:45:00,49.6,50024,India
INV-10095,SKU-127,Yoga Mat,6,09/05/2026 11:20:00,54.4,50024,India
INV-10096,SKU-128,Bluetooth Speaker,5,09/24/2026 16:10:00,59.2,50024,India
INV-10097,SKU-125,Travel Backpack,1,03/12/2026 10:15:00,47.0,50025,India
INV-10098,SKU-126,Phone Stand,2,05/26/2026 14:30:00,52.64,50025,India
INV-10099,SKU-127,Yoga Mat,1,08/12/2026 18:45:00,58.28,50025,India
INV-10100,SKU-126,Phone Stand,2,03/12/2026 10:15:00,54.0,50026,India
INV-10101,SKU-127,Yoga Mat,3,05/26/2026 14:30:00,60.48,50026,India
INV-10102,SKU-128,Bluetooth Speaker,2,08/12/2026 18:45:00,66.96,50026,India
INV-10103,SKU-129,Lunch Box,3,09/05/2026 11:20:00,73.44,50026,India
INV-10104,SKU-130,Wireless Mouse,2,09/24/2026 16:10:00,79.92,50026,India
INV-10105,SKU-127,Yoga Mat,3,03/12/2026 10:15:00,61.0,50027,India
INV-10106,SKU-128,Bluetooth Speaker,4,05/26/2026 14:30:00,68.32,50027,India
INV-10107,SKU-129,Lunch Box,3,08/12/2026 18:45:00,75.64,50027,India
INV-10108,SKU-128,Bluetooth Speaker,4,03/12/2026 10:15:00,68.0,50028,India
INV-10109,SKU-129,Lunch Box,5,05/26/2026 14:30:00,76.16,50028,India
INV-10110,SKU-130,Wireless Mouse,4,08/12/2026 18:45:00,84.32,50028,India
INV-10111,SKU-131,Notebook Set,5,09/05/2026 11:20:00,92.48,50028,India
INV-10112,SKU-132,Coffee Maker,4,09/24/2026 16:10:00,100.64,50028,India
INV-10113,SKU-129,Lunch Box,5,03/12/2026 10:15:00,75.0,50029,India
INV-10114,SKU-130,Wireless Mouse,6,05/26/2026 14:30:00,84.0,50029,India
INV-10115,SKU-131,Notebook Set,5,08/12/2026 18:45:00,93.0,50029,India
INV-10116,SKU-130,Wireless Mouse,1,03/12/2026 10:15:00,12.0,50030,India
INV-10117,SKU-131,Notebook Set,2,05/26/2026 14:30:00,13.44,50030,India
INV-10118,SKU-132,Coffee Maker,1,08/12/2026 18:45:00,14.88,50030,India
INV-10119,SKU-133,Desk Lamp,2,09/05/2026 11:20:00,16.32,50030,India
INV-10120,SKU-134,Water Bottle,1,09/24/2026 16:10:00,17.76,50030,India
INV-10121,SKU-131,Notebook Set,2,03/12/2026 10:15:00,19.0,50031,India
INV-10122,SKU-132,Coffee Maker,3,05/26/2026 14:30:00,21.28,50031,India
INV-10123,SKU-133,Desk Lamp,2,08/12/2026 18:45:00,23.56,50031,India
INV-10124,SKU-132,Coffee Maker,3,03/12/2026 10:15:00,26.0,50032,India
INV-10125,SKU-133,Desk Lamp,4,05/26/2026 14:30:00,29.12,50032,India
INV-10126,SKU-134,Water Bottle,3,08/12/2026 18:45:00,32.24,50032,India
INV-10127,SKU-135,Travel Backpack,4,09/05/2026 11:20:00,35.36,50032,India
INV-10128,SKU-136,Phone Stand,3,09/24/2026 16:10:00,38.48,50032,India
INV-10129,SKU-133,Desk Lamp,4,03/12/2026 10:15:00,33.0,50033,India
INV-10130,SKU-134,Water Bottle,5,05/26/2026 14:30:00,36.96,50033,India
INV-10131,SKU-135,Travel Backpack,4,08/12/2026 18:45:00,40.92,50033,India
INV-10132,SKU-134,Water Bottle,5,03/12/2026 10:15:00,40.0,50034,India
INV-10133,SKU-135,Travel Backpack,6,05/26/2026 14:30:00,44.8,50034,India
INV-10134,SKU-136,Phone Stand,5,08/12/2026 18:45:00,49.6,50034,India
INV-10135,SKU-137,Yoga Mat,6,09/05/2026 11:20:00,54.4,50034,India
INV-10136,SKU-138,Bluetooth Speaker,5,09/24/2026 16:10:00,59.2,50034,India
INV-10137,SKU-135,Travel Backpack,1,03/12/2026 10:15:00,47.0,50035,India
INV-10138,SKU-136,Phone Stand,2,05/26/2026 14:30:00,52.64,50035,India
INV-10139,SKU-137,Yoga Mat,1,08/12/2026 18:45:00,58.28,50035,India
INV-10140,SKU-136,Phone Stand,2,03/12/2026 10:15:00,54.0,50036,India
INV-10141,SKU-137,Yoga Mat,3,05/26/2026 14:30:00,60.48,50036,India
INV-10142,SKU-138,Bluetooth Speaker,2,08/12/2026 18:45:00,66.96,50036,India
INV-10143,SKU-139,Lunch Box,3,09/05/2026 11:20:00,73.44,50036,India
INV-10144,SKU-140,Wireless Mouse,2,09/24/2026 16:10:00,79.92,50036,India
INV-10145,SKU-137,Yoga Mat,3,03/12/2026 10:15:00,61.0,50037,India
INV-10146,SKU-138,Bluetooth Speaker,4,05/26/2026 14:30:00,68.32,50037,India
INV-10147,SKU-139,Lunch Box,3,08/12/2026 18:45:00,75.64,50037,India
INV-10148,SKU-138,Bluetooth Speaker,4,03/12/2026 10:15:00,68.0,50038,India
INV-10149,SKU-139,Lunch Box,5,05/26/2026 14:30:00,76.16,50038,India
INV-10150,SKU-140,Wireless Mouse,4,08/12/2026 18:45:00,84.32,50038,India
INV-10151,SKU-141,Notebook Set,5,09/05/2026 11:20:00,92.48,50038,India
INV-10152,SKU-142,Coffee Maker,4,09/24/2026 16:10:00,100.64,50038,India
INV-10153,SKU-139,Lunch Box,5,03/12/2026 10:15:00,75.0,50039,India
INV-10154,SKU-140,Wireless Mouse,6,05/26/2026 14:30:00,84.0,50039,India
INV-10155,SKU-141,Notebook Set,5,08/12/2026 18:45:00,93.0,50039,India
INV-10156,SKU-140,Wireless Mouse,1,03/12/2026 10:15:00,12.0,50040,India
INV-10157,SKU-141,Notebook Set,2,05/26/2026 14:30:00,13.44,50040,India
INV-10158,SKU-142,Coffee Maker,1,08/12/2026 18:45:00,14.88,50040,India
INV-10159,SKU-143,Desk Lamp,2,09/05/2026 11:20:00,16.32,50040,India
INV-10160,SKU-144,Water Bottle,1,09/24/2026 16:10:00,17.76,50040,India
INV-10161,SKU-141,Notebook Set,2,03/12/2026 10:15:00,19.0,50041,India
INV-10162,SKU-142,Coffee Maker,3,05/26/2026 14:30:00,21.28,50041,India
INV-10163,SKU-143,Desk Lamp,2,08/12/2026 18:45:00,23.56,50041,India
INV-10164,SKU-142,Coffee Maker,3,03/12/2026 10:15:00,26.0,50042,India
INV-10165,SKU-143,Desk Lamp,4,05/26/2026 14:30:00,29.12,50042,India
INV-10166,SKU-144,Water Bottle,3,08/12/2026 18:45:00,32.24,50042,India
INV-10167,SKU-145,Travel Backpack,4,09/05/2026 11:20:00,35.36,50042,India
INV-10168,SKU-146,Phone Stand,3,09/24/2026 16:10:00,38.48,50042,India
INV-10169,SKU-143,Desk Lamp,4,03/12/2026 10:15:00,33.0,50043,India
INV-10170,SKU-144,Water Bottle,5,05/26/2026 14:30:00,36.96,50043,India
INV-10171,SKU-145,Travel Backpack,4,08/12/2026 18:45:00,40.92,50043,India
INV-10172,SKU-144,Water Bottle,5,03/12/2026 10:15:00,40.0,50044,India
INV-10173,SKU-145,Travel Backpack,6,05/26/2026 14:30:00,44.8,50044,India
INV-10174,SKU-146,Phone Stand,5,08/12/2026 18:45:00,49.6,50044,India
INV-10175,SKU-147,Yoga Mat,6,09/05/2026 11:20:00,54.4,50044,India
INV-10176,SKU-148,Bluetooth Speaker,5,09/24/2026 16:10:00,59.2,50044,India
INV-10177,SKU-145,Travel Backpack,1,03/12/2026 10:15:00,47.0,50045,India
INV-10178,SKU-146,Phone Stand,2,05/26/2026 14:30:00,52.64,50045,India
INV-10179,SKU-147,Yoga Mat,1,08/12/2026 18:45:00,58.28,50045,India
INV-10180,SKU-146,Phone Stand,2,03/12/2026 10:15:00,54.0,50046,India
INV-10181,SKU-147,Yoga Mat,3,05/26/2026 14:30:00,60.48,50046,India
INV-10182,SKU-148,Bluetooth Speaker,2,08/12/2026 18:45:00,66.96,50046,India
INV-10183,SKU-149,Lunch Box,3,09/05/2026 11:20:00,73.44,50046,India
INV-10184,SKU-100,Wireless Mouse,2,09/24/2026 16:10:00,79.92,50046,India
INV-10185,SKU-147,Yoga Mat,3,03/12/2026 10:15:00,61.0,50047,India
INV-10186,SKU-148,Bluetooth Speaker,4,05/26/2026 14:30:00,68.32,50047,India
INV-10187,SKU-149,Lunch Box,3,08/12/2026 18:45:00,75.64,50047,India
INV-10188,SKU-148,Bluetooth Speaker,4,03/12/2026 10:15:00,68.0,50048,India
INV-10189,SKU-149,Lunch Box,5,05/26/2026 14:30:00,76.16,50048,India
INV-10190,SKU-100,Wireless Mouse,4,08/12/2026 18:45:00,84.32,50048,India
INV-10191,SKU-101,Notebook Set,5,09/05/2026 11:20:00,92.48,50048,India
INV-10192,SKU-102,Coffee Maker,4,09/24/2026 16:10:00,100.64,50048,India
